Model,MAE,RMSE
AutoARIMA,2550.5793650793653,4088.906248076074
AutoETS,3244.119440379062,4546.057337073225
SeasonalNaive,801.4206349206349,1070.5912993102131
LightGBM,6331.95297358286,7562.214511553775
