,MAE,RMSE
NBEATS,7882.913731166294,9502.169737581833
NHITS,7790.495715913318,9443.911228128476
LSTM,7897.974237351191,9499.19214567154
