,MAE,RMSE
LGBMRegressor,7322.987245740837,9672.268255390665
RandomForestRegressor,6164.54466157053,8615.160247714286
GradientBoostingRegressor,7897.774354401139,10431.048937367916
