,MAE,RMSE
LGBMRegressor,7322.987245740837,9672.268255390665
RandomForestRegressor,6164.54466157053,8615.160247714286
GradientBoostingRegressor,7897.774354401139,10431.048937367916
NBEATS,7882.913731166294,9502.169737581833
NHITS,7790.495715913318,9443.911228128476
LSTM,7897.974237351191,9499.19214567154
