Model,MAE,RMSE,MAPE,sMAPE
AutoARIMA,5135.617559523809,6194.494768221188,10.592842749581084,11.407619523695125
ARIMA_Manual,5867.880622397632,6981.343824883558,12.234181005416533,12.774639554182906
AutoETS,7960.3984670152695,8679.150300109877,16.84568071784191,18.6922082980549
AutoTheta,7802.592574121702,8795.664132177006,16.00180463314274,17.695691223559777
SeasonalNaive_168h,1440.017113095238,1716.3015134749064,3.0551256076802766,3.0601058186807766
